{
    "img_coord": [
        [
            1201.2197265625,
            647.82373046875
        ],
        [
            1199.8988037109375,
            714.3944702148438
        ],
        [
            1198.5926513671875,
            780.1856079101562
        ],
        [
            1197.3822021484375,
            845.05419921875
        ],
        [
            1152.74658203125,
            661.80859375
        ],
        [
            1151.7452392578125,
            729.4805908203125
        ],
        [
            1150.7603759765625,
            796.2319946289062
        ],
        [
            1149.801025390625,
            862.0491333007812
        ],
        [
            1102.6197509765625,
            676.42919921875
        ],
        [
            1101.9671630859375,
            745.1041259765625
        ],
        [
            1101.2872314453125,
            812.8063354492188
        ],
        [
            1100.6112060546875,
            879.6863403320312
        ],
        [
            1050.7796630859375,
            691.4158325195312
        ],
        [
            1050.4295654296875,
            761.2439575195312
        ],
        [
            1050.150146484375,
            830.0692138671875
        ],
        [
            1049.7501220703125,
            897.9592895507812
        ],
        [
            946.7733764648438,
            690.4640502929688
        ],
        [
            947.1332397460938,
            760.1668701171875
        ],
        [
            947.5317993164062,
            828.9657592773438
        ],
        [
            947.825927734375,
            896.7750244140625
        ],
        [
            898.3056640625,
            674.5303344726562
        ],
        [
            898.9022216796875,
            743.0211791992188
        ],
        [
            899.6458740234375,
            810.6589965820312
        ],
        [
            900.3194580078125,
            877.4441528320312
        ],
        [
            851.5614624023438,
            659.1881103515625
        ],
        [
            852.5029296875,
            726.524169921875
        ],
        [
            853.4722290039062,
            793.0704956054688
        ],
        [
            854.4083251953125,
            858.7385864257812
        ],
        [
            806.4271850585938,
            644.3244018554688
        ],
        [
            807.6429443359375,
            710.6130981445312
        ],
        [
            808.864990234375,
            776.2329711914062
        ],
        [
            810.1644897460938,
            840.7401733398438
        ]
    ],
    "world_coord": [
        [
            40.0,
            0.0,
            40.0
        ],
        [
            40.0,
            0.0,
            30.0
        ],
        [
            40.0,
            0.0,
            20.0
        ],
        [
            40.0,
            0.0,
            10.0
        ],
        [
            30.0,
            0.0,
            40.0
        ],
        [
            30.0,
            0.0,
            30.0
        ],
        [
            30.0,
            0.0,
            20.0
        ],
        [
            30.0,
            0.0,
            10.0
        ],
        [
            20.0,
            0.0,
            40.0
        ],
        [
            20.0,
            0.0,
            30.0
        ],
        [
            20.0,
            0.0,
            20.0
        ],
        [
            20.0,
            0.0,
            10.0
        ],
        [
            10.0,
            0.0,
            40.0
        ],
        [
            10.0,
            0.0,
            30.0
        ],
        [
            10.0,
            0.0,
            20.0
        ],
        [
            10.0,
            0.0,
            10.0
        ],
        [
            0.0,
            10.0,
            40.0
        ],
        [
            0.0,
            10.0,
            30.0
        ],
        [
            0.0,
            10.0,
            20.0
        ],
        [
            0.0,
            10.0,
            10.0
        ],
        [
            0.0,
            20.0,
            40.0
        ],
        [
            0.0,
            20.0,
            30.0
        ],
        [
            0.0,
            20.0,
            20.0
        ],
        [
            0.0,
            20.0,
            10.0
        ],
        [
            0.0,
            30.0,
            40.0
        ],
        [
            0.0,
            30.0,
            30.0
        ],
        [
            0.0,
            30.0,
            20.0
        ],
        [
            0.0,
            30.0,
            10.0
        ],
        [
            0.0,
            40.0,
            40.0
        ],
        [
            0.0,
            40.0,
            30.0
        ],
        [
            0.0,
            40.0,
            20.0
        ],
        [
            0.0,
            40.0,
            10.0
        ]
    ],
    "fx": 0.7115055599393167,
    "fy": 0.7026797421725871,
    "cx": 0.0005076406248740456,
    "cy": 0.0005013429812583397,
    "R": [
        [
            -0.007059925569585981,
            0.003158598296051314,
            0.0006807543994751441
        ],
        [
            0.0003258946659855279,
            0.000342061836506139,
            0.007538568541235274
        ],
        [
            -1.23320118126935e-06,
            -1.316119429287815e-06,
            4.84044870013552e-07
        ]
    ],
    "T": [
        [
            -0.9999696036562814
        ],
        [
            -0.9999712184494809
        ],
        [
            -0.0007134903148496255
        ]
    ]
}